퀴즈. 다낭에서 전철이 주요 교통수단이다.,해설. 다낭에는 전철이 없고 주요 교통수단은 스쿠터와 택시이다
퀴즈. 다낭의 대중교통으로 지하철이 운영된다.,해설. 현재 다낭에서는 지하철이 운영이 되지 않다고 한다
퀴즈. 다낭에서 버스 노선이 매우 다양하다,해설. 다낭의 버스 노선은 제한적이며 대중교통으로는 택시나 스쿠터가 더 많이 사용된다
퀴즈. 다낭에서 렌터카는 일반적으로 택시보다 흔하다,해설. 택시가 렌터카보다 더 일반적이다
퀴즈. 다낭에는 자전거 전용 도로가 많이 있다.,해설. 다낭에는 자전거 전용 도로는 많지 않으며 스쿠터가 더 많이 사용된다
퀴즈. 다낭에서 말마차를 대중교통 수단으로 이용할 수 있다,해설. 말마차는 다낭의 대중교통 수단이 아니고 관광지에서 가끔 볼 수 있는 정도이다
퀴즈. 다낭에서 이용할 수 있는 대중교통으로 전기차가 있다,해설. 현재 다낭에서는 전기차를 대중교통 수단으로는 제공이 되지 않는다
퀴즈. 다낭에서 공항 셔틀버스가 널리 사용된다.,해설. 공항셔틀버스는 널리 사용되는 것이 아닌 관광객이나 관광 운영으로 사용이된다
퀴즈. 다낭에는 해상 교통수단으로 페리가 있다. ,해설. 페리 서비스는 일반적으로 운영되지 않으며 대중교통의 주요 수단은 아니다
퀴즈. 다낭의 대중교통으로는 고속버스가 있다.,해설. 고속버스 서비스는 존재하지만 대중교통의 주요 수단은 아니라고 한다
