퀴즈. 다낭의 주요 전통 음식 중 하나는 파에야이다.,해설. 다낭의 전통 음식은 쌀국수와 같은 베트남 요리이다.
퀴즈. 다낭에는 베트남 전통 의상인 기모노가 있다.,해설. 기모노는 일본의 전통 의상이다 베트남의 전통 의상은 '아오자이'이다.
퀴즈. 다낭의 유명한 축제 중 하나는 크리스마스 마켓이다.,해설. 다낭의 유명한 축제는 다낭 불꽃놀이 축제 등이다.
퀴즈. 다낭에서 자주 열리는 국제 영화제는 칸 영화제이다.,해설. 칸 영화제는 프랑스에서 열린다.
퀴즈. 다낭의 대표적인 건축물로는 타지 마할이 있다.,해설. 타지 마할은 인도의 유명한 건축물이다.
퀴즈. 다낭의 전통 음악 장르는 한국의 트로트이다.,해설. 다낭의 전통 음악 장르는 베트남 민속 음악이다.
퀴즈. 다낭의 대표적인 문화유산으로는 콜로세움이 있다.,해설. 콜로세움은 이탈리아에 위치한 유적지이다.
퀴즈. 다낭에서는 한국의 K-POP 공연이 매년 열린다.,해설. 다낭에서는 K-POP 공연이 자주 열리지는 않지만 특정 이벤트나 축제에서 K-POP 관련 공연이 있을 수는 있다 그러나 정기적으로 매년 열린다고 하기는 어렵다
퀴즈. 다낭에서 주로 사용하는 전통 악기는 피아노이다.,해설. 다낭의 전통 악기는 다양한 타악기와 현악기이다.
퀴즈. 다낭의 대표적인 축제 중 하나는 할로윈 파티이다.,해설. 할로윈은 서구의 축제이며 다낭에서는 전통적인 베트남 축제가 더 많다.
